{"iteration": 0, "iter_time": 332.55804443359375, "data_time": 322.7526550292969, "lr": 0.0, "wd": 0.03999999999999998, "mom": 0.992, "last_layer_lr": 0.0, "current_batch_size": 32.0, "total_loss": 13.705220222473145, "dino_local_crops_loss": 9.836227416992188, "dino_global_crops_loss": 1.215912103652954, "koleo_loss": -0.00777435302734375, "ibot_loss": 2.653080940246582}
{"iteration": 10, "iter_time": 31.7564697265625, "data_time": 29.341310501098633, "lr": 1.724256845299676e-08, "wd": 0.04000000105620022, "mom": 0.9920000000234711, "last_layer_lr": 0.0, "current_batch_size": 32.0, "total_loss": 13.69279956817627, "dino_local_crops_loss": 9.825143814086914, "dino_global_crops_loss": 1.215485692024231, "koleo_loss": -0.006938934326171875, "ibot_loss": 2.652279853820801}
{"iteration": 20, "iter_time": 1.6769851446151733, "data_time": 0.0001777887373464182, "lr": 3.448513690599352e-08, "wd": 0.04000000422480088, "mom": 0.9920000000938844, "last_layer_lr": 0.0, "current_batch_size": 32.0, "total_loss": 13.694978713989258, "dino_local_crops_loss": 9.827932357788086, "dino_global_crops_loss": 1.215485692024231, "koleo_loss": -0.00757598876953125, "ibot_loss": 2.651780843734741}
{"iteration": 30, "iter_time": 1.6784807443618774, "data_time": 0.0002693653223104775, "lr": 6.897027381198704e-08, "wd": 0.04000001689920346, "mom": 0.9920000003755378, "last_layer_lr": 0.0, "current_batch_size": 32.0, "total_loss": 13.698967933654785, "dino_local_crops_loss": 9.831573486328125, "dino_global_crops_loss": 1.2150524854660034, "koleo_loss": -0.0072174072265625, "ibot_loss": 2.651780843734741}
{"iteration": 40, "iter_time": 1.6963727474212646, "data_time": 0.00028781889704987407, "lr": 1.0345541071798056e-07, "wd": 0.04000003802320706, "mom": 0.9920000008449601, "last_layer_lr": 0.0, "current_batch_size": 32.0, "total_loss": 13.688758850097656, "dino_local_crops_loss": 9.823169708251953, "dino_global_crops_loss": 1.214909553527832, "koleo_loss": -0.0067596435546875, "ibot_loss": 2.65238094329834}
{"iteration": 50, "iter_time": 1.6884616613388062, "data_time": 0.0004929423448629677, "lr": 1.3794054762397408e-07, "wd": 0.040000067596810684, "mom": 0.9920000015021514, "last_layer_lr": 0.0, "current_batch_size": 32.0, "total_loss": 13.687695503234863, "dino_local_crops_loss": 9.823169708251953, "dino_global_crops_loss": 1.213536024093628, "koleo_loss": -0.007015228271484375, "ibot_loss": 2.6514010429382324}
{"iteration": 60, "iter_time": 1.575047254562378, "data_time": 0.0004917025798931718, "lr": 1.7242568452996758e-07, "wd": 0.04000010562001294, "mom": 0.9920000023471114, "last_layer_lr": 0.0, "current_batch_size": 32.0, "total_loss": 13.687950134277344, "dino_local_crops_loss": 9.823528289794922, "dino_global_crops_loss": 1.2137500047683716, "koleo_loss": -0.00710296630859375, "ibot_loss": 2.650972843170166}
{"iteration": 70, "iter_time": 1.5383304357528687, "data_time": 0.00018014907254837453, "lr": 2.069108214359611e-07, "wd": 0.04000015209281216, "mom": 0.9920000033798403, "last_layer_lr": 0.0, "current_batch_size": 32.0, "total_loss": 13.686220169067383, "dino_local_crops_loss": 9.822629928588867, "dino_global_crops_loss": 1.2142131328582764, "koleo_loss": -0.007694244384765625, "ibot_loss": 2.649979829788208}
{"iteration": 80, "iter_time": 1.8164541721343994, "data_time": 0.00015071631059981883, "lr": 2.4139595834195465e-07, "wd": 0.04000020701520601, "mom": 0.9920000046003379, "last_layer_lr": 0.0, "current_batch_size": 32.0, "total_loss": 13.684326171875, "dino_local_crops_loss": 9.81967544555664, "dino_global_crops_loss": 1.2141412496566772, "koleo_loss": -0.0084381103515625, "ibot_loss": 2.6487631797790527}
{"iteration": 90, "iter_time": 1.9999061822891235, "data_time": 0.00021191834821365774, "lr": 2.7588109524794815e-07, "wd": 0.04000027038719195, "mom": 0.9920000060086043, "last_layer_lr": 0.0, "current_batch_size": 32.0, "total_loss": 13.672709465026855, "dino_local_crops_loss": 9.81299114227295, "dino_global_crops_loss": 1.2121593952178955, "koleo_loss": -0.00861358642578125, "ibot_loss": 2.6469454765319824}
{"iteration": 100, "iter_time": 1.781175971031189, "data_time": 0.06585267931222916, "lr": 3.1036623215394166e-07, "wd": 0.04000034220876708, "mom": 0.9920000076046392, "last_layer_lr": 0.0, "current_batch_size": 32.0, "total_loss": 13.66694450378418, "dino_local_crops_loss": 9.81013298034668, "dino_global_crops_loss": 1.2113265991210938, "koleo_loss": -0.00958251953125, "ibot_loss": 2.6453075408935547}
{"iteration": 110, "iter_time": 1.553670883178711, "data_time": 0.09428615868091583, "lr": 3.4485136905993516e-07, "wd": 0.040000422479927966, "mom": 0.9920000093884428, "last_layer_lr": 0.0, "current_batch_size": 32.0, "total_loss": 13.658559799194336, "dino_local_crops_loss": 9.805124282836914, "dino_global_crops_loss": 1.2113265991210938, "koleo_loss": -0.009796142578125, "ibot_loss": 2.643850088119507}
{"iteration": 120, "iter_time": 1.5727810859680176, "data_time": 0.1551571786403656, "lr": 3.7933650596592867e-07, "wd": 0.040000511200670885, "mom": 0.9920000113600149, "last_layer_lr": 0.0, "current_batch_size": 32.0, "total_loss": 13.658528327941895, "dino_local_crops_loss": 9.802946090698242, "dino_global_crops_loss": 1.211416244506836, "koleo_loss": -0.0105438232421875, "ibot_loss": 2.6421823501586914}
{"iteration": 130, "iter_time": 1.7395412921905518, "data_time": 0.3130694031715393, "lr": 4.138216428719222e-07, "wd": 0.040000608370991564, "mom": 0.9920000135193554, "last_layer_lr": 0.0, "current_batch_size": 32.0, "total_loss": 13.650101661682129, "dino_local_crops_loss": 9.797840118408203, "dino_global_crops_loss": 1.2114275693893433, "koleo_loss": -0.01055145263671875, "ibot_loss": 2.6403374671936035}
{"iteration": 140, "iter_time": 1.7267820835113525, "data_time": 0.2682196795940399, "lr": 4.4830677977791573e-07, "wd": 0.04000071399088562, "mom": 0.9920000158664641, "last_layer_lr": 0.0, "current_batch_size": 32.0, "total_loss": 13.643115997314453, "dino_local_crops_loss": 9.793546676635742, "dino_global_crops_loss": 1.2106339931488037, "koleo_loss": -0.01056671142578125, "ibot_loss": 2.639115571975708}
{"iteration": 150, "iter_time": 2.100369930267334, "data_time": 0.6299702525138855, "lr": 4.827919166839093e-07, "wd": 0.04000082806034788, "mom": 0.9920000184013411, "last_layer_lr": 0.0, "current_batch_size": 32.0, "total_loss": 13.629311561584473, "dino_local_crops_loss": 9.78608512878418, "dino_global_crops_loss": 1.2092320919036865, "koleo_loss": -0.011566162109375, "ibot_loss": 2.6361351013183594}
{"iteration": 160, "iter_time": 2.133910655975342, "data_time": 0.6603364944458008, "lr": 5.172770535899027e-07, "wd": 0.040000950579373196, "mom": 0.9920000211239861, "last_layer_lr": 0.0, "current_batch_size": 32.0, "total_loss": 13.623716354370117, "dino_local_crops_loss": 9.780200958251953, "dino_global_crops_loss": 1.2081630229949951, "koleo_loss": -0.01161956787109375, "ibot_loss": 2.6346025466918945}
{"iteration": 170, "iter_time": 1.5699800252914429, "data_time": 0.11218676716089249, "lr": 5.517621904958963e-07, "wd": 0.040001081547955675, "mom": 0.992000024034399, "last_layer_lr": 0.0, "current_batch_size": 32.0, "total_loss": 13.618324279785156, "dino_local_crops_loss": 9.780470848083496, "dino_global_crops_loss": 1.2083663940429688, "koleo_loss": -0.01239776611328125, "ibot_loss": 2.6317124366760254}
{"iteration": 180, "iter_time": 1.4576842784881592, "data_time": 0.00014413594908546656, "lr": 5.862473274018898e-07, "wd": 0.04000122096608916, "mom": 0.9920000271325797, "last_layer_lr": 0.0, "current_batch_size": 32.0, "total_loss": 13.612375259399414, "dino_local_crops_loss": 9.775522232055664, "dino_global_crops_loss": 1.207575798034668, "koleo_loss": -0.01293182373046875, "ibot_loss": 2.6294870376586914}
{"iteration": 190, "iter_time": 1.5843887329101562, "data_time": 0.00014549493789672852, "lr": 6.207324643078833e-07, "wd": 0.04000136883376726, "mom": 0.9920000304185281, "last_layer_lr": 0.0, "current_batch_size": 32.0,